Pair,Initial Capital,Final Capital,Profit,Profit %,Total Trades,Total Buys,Winning Trades,Losing Trades,Win Rate %,Avg Profit,Avg Profit %,Max Equity,Min Equity
iBTCUSDM,10000,9998.54698057467,-1.4530194253293303,-0.014530194253293303,1,1,0,1,0.0,-1.4530194253293303,-0.29060388506586604,10005.891335665327,9997.58666792436
IAGUSDM,10000,9984.575150219007,-15.42484978099344,-0.154248497809931,1,1,0,1,0.0,-15.42484978099344,-3.0849699561986883,10000.0,9984.575150219007
SNEKUSDM,10000,10002.181309435175,2.181309435173773,0.02181309435174626,1,1,1,0,100.0,2.181309435173773,0.4362618870347546,10017.20626341464,10000.0
