Parameter Set,Total Profit %,Total Trades,Winning Trades,Losing Trades,Win Rate %,Avg Profit Per Trade %,Total Initial,Total Final
Không Filter - Position Size 7%,0.2125767246751784,5,3,2,60.0,1.3588918356447757,50000,50106.28836233759
Không Filter - Take Profit 10%,0.1543503768734954,5,3,2,60.0,1.3602333420255315,50000,50077.17518843675
Không Filter - Take Profit 12%,0.1543503768734954,5,3,2,60.0,1.3602333420255315,50000,50077.17518843675
Không Filter - RSI 22/77,0.1543503768734954,5,3,2,60.0,1.3602333420255315,50000,50077.17518843675
Không Filter - Stop Loss 3%,0.1543503768734954,5,3,2,60.0,1.3602333420255315,50000,50077.17518843675
Chỉ Filter Volume (No Trend),0.1543503768734954,5,3,2,60.0,1.3602333420255315,50000,50077.17518843675
Không Filter - Max DCA 2,0.1543503768734954,5,3,2,60.0,1.3602333420255315,50000,50077.17518843675
Chỉ Filter Trend (No Volume),-0.04898853257048662,3,1,2,33.33333333333333,-0.9797706514099332,30000,29985.303440228854
