Parameter Set,Total Profit %,Total Trades,Winning Trades,Losing Trades,Win Rate %,Total Initial,Total Final
Không Filter (No Trend/Volume Filter),0.1543503768734954,5,3,2,60.0,50000,50077.17518843675
"Oversold Sâu (RSI Buy 20, Take Profit 10%)",-0.014530194253293303,1,0,1,0.0,10000,9998.54698057467
"Bảo Thủ (Take Profit 8%, Stop Loss 4%)",-0.04898853257048662,3,1,2,33.33333333333333,30000,29985.303440228854
"Aggressive (Take Profit 12%, Stop Loss 5%)",-0.04898853257048662,3,1,2,33.33333333333333,30000,29985.303440228854
"Giữ Lâu (RSI Sell 80, Take Profit 12%)",-0.04898853257048662,3,1,2,33.33333333333333,30000,29985.303440228854
"DCA Nhiều (Max DCA 5, Take Profit 8%)",-0.04898853257048662,3,1,2,33.33333333333333,30000,29985.303440228854
"Tích Cực (Take Profit 10%, Stop Loss 3%)",-0.08438934603160306,2,0,2,0.0,20000,19983.12213079368
"Cân Bằng (Take Profit 9%, Stop Loss 4%, RSI 23/76)",-0.08438934603160306,2,0,2,0.0,20000,19983.12213079368
